"id","name","address","phone","email","countOrder"
"1482175625518","Pavel","Zorge 2 zh","9876543456","pasha@mail.ru","0"
"1482175625653","Pavel","Zorge 3 zh","9876543456","pasha@mail.ru","0"
"1482214406476","Pavel","Zorge 1 zh","9876543456","pasha@mail.ru","0"
"1482214406502","Pavel","Zorge 2 zh","9876543456","pasha@mail.ru","0"
"1482214406612","Pavel","Zorge 3 zh","9876543456","pasha@mail.ru","0"
"1482214406688","Pavel","Zorge 4 zh","9876543456","pasha@mail.ru","0"
"1482214406705","Pavel","Zorge 5 zh","9876543456","pasha@mail.ru","0"
"1482214406723","Pavel","Zorge 6 zh","9876543456","pasha@mail.ru","0"
"1482214406739","Pavel","Zorge 7 zh","9876543456","pasha@mail.ru","0"
"1482214406902","Pavel","Zorge 8 zh","9876543456","pasha@mail.ru","0"
"1482214406919","Pavel","Zorge 9 zh","9876543456","pasha@mail.ru","0"
"1482214406972","Pavel","Zorge 10 zh","9876543456","pasha@mail.ru","0"
"1482500291938","Pavel","Zorge 1 zh","9876543456","pasha@mail.ru","0"
"1482500291974","Pavel","Zorge 2 zh","9876543456","pasha@mail.ru","0"
"1482500292009","Pavel","Zorge 3 zh","9876543456","pasha@mail.ru","0"
"1482500292025","Pavel","Zorge 4 zh","9876543456","pasha@mail.ru","0"
"1482500292041","Pavel","Zorge 5 zh","9876543456","pasha@mail.ru","0"
"1482500292057","Pavel","Zorge 6 zh","9876543456","pasha@mail.ru","0"
"1482500292072","Pavel","Zorge 7 zh","9876543456","pasha@mail.ru","0"
"1482500292093","Pavel","Zorge 8 zh","9876543456","pasha@mail.ru","0"
"1482500292118","Pavel","Zorge 9 zh","9876543456","pasha@mail.ru","0"
"1482500292134","Pavel","Zorge 10 zh","9876543456","pasha@mail.ru","0"
"1482500359071","Pavel","Zorge 1 zh","9876543456","pasha@mail.ru","0"
"1482500359102","Pavel","Zorge 2 zh","9876543456","pasha@mail.ru","0"
"1482500359118","Pavel","Zorge 3 zh","9876543456","pasha@mail.ru","0"
"1482500359149","Pavel","Zorge 4 zh","9876543456","pasha@mail.ru","0"
"1482500359165","Pavel","Zorge 5 zh","9876543456","pasha@mail.ru","0"
"1482500359202","Pavel","Zorge 6 zh","9876543456","pasha@mail.ru","0"
"1482500359217","Pavel","Zorge 7 zh","9876543456","pasha@mail.ru","0"
"1482500359342","Pavel","Zorge 8 zh","9876543456","pasha@mail.ru","0"
"1482500359374","Pavel","Zorge 9 zh","9876543456","pasha@mail.ru","0"
"1482500359393","Pavel","Zorge 10 zh","9876543456","pasha@mail.ru","0"
"1482500588325","Pavel","Zorge 1 zh","9876543456","pasha@mail.ru","0"
"1482500588381","Pavel","Zorge 2 zh","9876543456","pasha@mail.ru","0"
"1482500588417","Pavel","Zorge 3 zh","9876543456","pasha@mail.ru","0"
"1482500588443","Pavel","Zorge 4 zh","9876543456","pasha@mail.ru","0"
"1482500588465","Pavel","Zorge 5 zh","9876543456","pasha@mail.ru","0"
"1482500588486","Pavel","Zorge 6 zh","9876543456","pasha@mail.ru","0"
"1482500588511","Pavel","Zorge 7 zh","9876543456","pasha@mail.ru","0"
"1482500588539","Pavel","Zorge 8 zh","9876543456","pasha@mail.ru","0"
"1482500588577","Pavel","Zorge 9 zh","9876543456","pasha@mail.ru","0"
"1482500588602","Pavel","Zorge 10 zh","9876543456","pasha@mail.ru","0"
"1482504217396","Pavel","Zorge 1 zh","9876543456","pasha@mail.ru","0"
"1482504217505","Pavel","Zorge 2 zh","9876543456","pasha@mail.ru","0"
"1482504217546","Pavel","Zorge 3 zh","9876543456","pasha@mail.ru","0"
"1482504217638","Pavel","Zorge 4 zh","9876543456","pasha@mail.ru","0"
"1482504217665","Pavel","Zorge 5 zh","9876543456","pasha@mail.ru","0"
"1482504217690","Pavel","Zorge 6 zh","9876543456","pasha@mail.ru","0"
"1482504217725","Pavel","Zorge 7 zh","9876543456","pasha@mail.ru","0"
"1482504217733","Pavel","Zorge 8 zh","9876543456","pasha@mail.ru","0"
"1482504217764","Pavel","Zorge 9 zh","9876543456","pasha@mail.ru","0"
"1482504217795","Pavel","Zorge 10 zh","9876543456","pasha@mail.ru","0"
"1482504350007","Pavel","Zorge 1 zh","9876543456","pasha@mail.ru","0"
"1482504350106","Pavel","Zorge 2 zh","9876543456","pasha@mail.ru","0"
"1482504350138","Pavel","Zorge 3 zh","9876543456","pasha@mail.ru","0"
"1482504350169","Pavel","Zorge 4 zh","9876543456","pasha@mail.ru","0"
"1482504350185","Pavel","Zorge 5 zh","9876543456","pasha@mail.ru","0"
"1482504350200","Pavel","Zorge 6 zh","9876543456","pasha@mail.ru","0"
"1482504350231","Pavel","Zorge 7 zh","9876543456","pasha@mail.ru","0"
"1482504350247","Pavel","Zorge 8 zh","9876543456","pasha@mail.ru","0"
"1482504350263","Pavel","Zorge 9 zh","9876543456","pasha@mail.ru","0"
"1482504350294","Pavel","Zorge 10 zh","9876543456","pasha@mail.ru","0"
"1482504930691","Pavel","Zorge 1 zh","9876543456","pasha@mail.ru","0"
"1482504930754","Pavel","Zorge 2 zh","9876543456","pasha@mail.ru","0"
"1482504930785","Pavel","Zorge 3 zh","9876543456","pasha@mail.ru","0"
"1482504930816","Pavel","Zorge 4 zh","9876543456","pasha@mail.ru","0"
"1482504930832","Pavel","Zorge 5 zh","9876543456","pasha@mail.ru","0"
"1482504930863","Pavel","Zorge 6 zh","9876543456","pasha@mail.ru","0"
"1482504930925","Pavel","Zorge 7 zh","9876543456","pasha@mail.ru","0"
"1482504931034","Pavel","Zorge 8 zh","9876543456","pasha@mail.ru","0"
"1482504931115","Pavel","Zorge 9 zh","9876543456","pasha@mail.ru","0"
"1482504931159","Pavel","Zorge 10 zh","9876543456","pasha@mail.ru","0"
"1482505072292","Pavel","Zorge 1 zh","9876543456","pasha@mail.ru","0"
"1482505072323","Pavel","Zorge 2 zh","9876543456","pasha@mail.ru","0"
"1482505072355","Pavel","Zorge 3 zh","9876543456","pasha@mail.ru","0"
"1482505072370","Pavel","Zorge 4 zh","9876543456","pasha@mail.ru","0"
"1482505072401","Pavel","Zorge 5 zh","9876543456","pasha@mail.ru","0"
"1482505072433","Pavel","Zorge 6 zh","9876543456","pasha@mail.ru","0"
"1482505072464","Pavel","Zorge 7 zh","9876543456","pasha@mail.ru","0"
"1482505072480","Pavel","Zorge 8 zh","9876543456","pasha@mail.ru","0"
"1482505072542","Pavel","Zorge 9 zh","9876543456","pasha@mail.ru","0"
"1482505072573","Pavel","Zorge 10 zh","9876543456","pasha@mail.ru","0"
"1482505148148","Pavel","Zorge 1 zh","9876543456","pasha@mail.ru","0"
"1482505148195","Pavel","Zorge 2 zh","9876543456","pasha@mail.ru","0"
"1482505148226","Pavel","Zorge 3 zh","9876543456","pasha@mail.ru","0"
"1482505148242","Pavel","Zorge 4 zh","9876543456","pasha@mail.ru","0"
"1482505148304","Pavel","Zorge 5 zh","9876543456","pasha@mail.ru","0"
"1482505148335","Pavel","Zorge 6 zh","9876543456","pasha@mail.ru","0"
"1482505148382","Pavel","Zorge 7 zh","9876543456","pasha@mail.ru","0"
"1482505148414","Pavel","Zorge 8 zh","9876543456","pasha@mail.ru","0"
"1482505148439","Pavel","Zorge 9 zh","9876543456","pasha@mail.ru","0"
"1482505148473","Pavel","Zorge 10 zh","9876543456","pasha@mail.ru","0"
"1482505283732","Pavel","Zorge 1 zh","9876543456","pasha@mail.ru","0"
"1482505283794","Pavel","Zorge 2 zh","9876543456","pasha@mail.ru","0"
"1482505283819","Pavel","Zorge 3 zh","9876543456","pasha@mail.ru","0"
"1482505283856","Pavel","Zorge 4 zh","9876543456","pasha@mail.ru","0"
"1482505283890","Pavel","Zorge 5 zh","9876543456","pasha@mail.ru","0"
"1482505283933","Pavel","Zorge 6 zh","9876543456","pasha@mail.ru","0"
"1482505284010","Pavel","Zorge 7 zh","9876543456","pasha@mail.ru","0"
"1482505284068","Pavel","Zorge 8 zh","9876543456","pasha@mail.ru","0"
"1482505284090","Pavel","Zorge 9 zh","9876543456","pasha@mail.ru","0"
"1482505284111","Pavel","Zorge 10 zh","9876543456","pasha@mail.ru","0"
"1482505998399","Pavel","Zorge 1 zh","9876543456","pasha@mail.ru","0"
"1482505998431","Pavel","Zorge 2 zh","9876543456","pasha@mail.ru","0"
"1482505998462","Pavel","Zorge 3 zh","9876543456","pasha@mail.ru","0"
"1482505998478","Pavel","Zorge 4 zh","9876543456","pasha@mail.ru","0"
"1482505998493","Pavel","Zorge 5 zh","9876543456","pasha@mail.ru","0"
"1482505998509","Pavel","Zorge 6 zh","9876543456","pasha@mail.ru","0"
"1482505998524","Pavel","Zorge 7 zh","9876543456","pasha@mail.ru","0"
"1482505998556","Pavel","Zorge 8 zh","9876543456","pasha@mail.ru","0"
"1482505998571","Pavel","Zorge 9 zh","9876543456","pasha@mail.ru","0"
"1482505998598","Pavel","Zorge 10 zh","9876543456","pasha@mail.ru","0"
"1482506078843","Pavel","Zorge 1 zh","9876543456","pasha@mail.ru","0"
"1482506078874","Pavel","Zorge 2 zh","9876543456","pasha@mail.ru","0"
"1482506078890","Pavel","Zorge 3 zh","9876543456","pasha@mail.ru","0"
"1482506078905","Pavel","Zorge 4 zh","9876543456","pasha@mail.ru","0"
"1482506078921","Pavel","Zorge 5 zh","9876543456","pasha@mail.ru","0"
"1482506078957","Pavel","Zorge 6 zh","9876543456","pasha@mail.ru","0"
"1482506079007","Pavel","Zorge 7 zh","9876543456","pasha@mail.ru","0"
"1482506079023","Pavel","Zorge 8 zh","9876543456","pasha@mail.ru","0"
"1482506079038","Pavel","Zorge 9 zh","9876543456","pasha@mail.ru","0"
"1482506079054","Pavel","Zorge 10 zh","9876543456","pasha@mail.ru","0"
"1482506198404","Pavel","Zorge 1 zh","9876543456","pasha@mail.ru","0"
"1482506198452","Pavel","Zorge 2 zh","9876543456","pasha@mail.ru","0"
"1482506198481","Pavel","Zorge 3 zh","9876543456","pasha@mail.ru","0"
"1482506198521","Pavel","Zorge 4 zh","9876543456","pasha@mail.ru","0"
"1482506198543","Pavel","Zorge 5 zh","9876543456","pasha@mail.ru","0"
"1482506198564","Pavel","Zorge 6 zh","9876543456","pasha@mail.ru","0"
"1482506198584","Pavel","Zorge 7 zh","9876543456","pasha@mail.ru","0"
"1482506198603","Pavel","Zorge 8 zh","9876543456","pasha@mail.ru","0"
"1482506198621","Pavel","Zorge 9 zh","9876543456","pasha@mail.ru","0"
"1482506198640","Pavel","Zorge 10 zh","9876543456","pasha@mail.ru","0"
"1482506254071","Pavel","Zorge 1 zh","9876543456","pasha@mail.ru","0"
"1482506254149","Pavel","Zorge 2 zh","9876543456","pasha@mail.ru","0"
"1482506254196","Pavel","Zorge 3 zh","9876543456","pasha@mail.ru","0"
"1482506254212","Pavel","Zorge 4 zh","9876543456","pasha@mail.ru","0"
"1482506254227","Pavel","Zorge 5 zh","9876543456","pasha@mail.ru","0"
"1482506254259","Pavel","Zorge 6 zh","9876543456","pasha@mail.ru","0"
"1482506254274","Pavel","Zorge 7 zh","9876543456","pasha@mail.ru","0"
"1482506254290","Pavel","Zorge 8 zh","9876543456","pasha@mail.ru","0"
"1482506254319","Pavel","Zorge 9 zh","9876543456","pasha@mail.ru","0"
"1482506254335","Pavel","Zorge 10 zh","9876543456","pasha@mail.ru","0"
"1482506338045","Pavel","Zorge 1 zh","9876543456","pasha@mail.ru","0"
"1482506338178","Pavel","Zorge 2 zh","9876543456","pasha@mail.ru","0"
"1482506338205","Pavel","Zorge 3 zh","9876543456","pasha@mail.ru","0"
"1482506338243","Pavel","Zorge 4 zh","9876543456","pasha@mail.ru","0"
"1482506338268","Pavel","Zorge 5 zh","9876543456","pasha@mail.ru","0"
"1482506338301","Pavel","Zorge 6 zh","9876543456","pasha@mail.ru","0"
"1482506338323","Pavel","Zorge 7 zh","9876543456","pasha@mail.ru","0"
"1482506338343","Pavel","Zorge 8 zh","9876543456","pasha@mail.ru","0"
"1482506338363","Pavel","Zorge 9 zh","9876543456","pasha@mail.ru","0"
"1482506338383","Pavel","Zorge 10 zh","9876543456","pasha@mail.ru","0"
"1482506444136","Pavel","Zorge 1 zh","9876543456","pasha@mail.ru","0"
"1482506444183","Pavel","Zorge 2 zh","9876543456","pasha@mail.ru","0"
"1482506444214","Pavel","Zorge 3 zh","9876543456","pasha@mail.ru","0"
"1482506444230","Pavel","Zorge 4 zh","9876543456","pasha@mail.ru","0"
"1482506444245","Pavel","Zorge 5 zh","9876543456","pasha@mail.ru","0"
"1482506444277","Pavel","Zorge 6 zh","9876543456","pasha@mail.ru","0"
"1482506444313","Pavel","Zorge 7 zh","9876543456","pasha@mail.ru","0"
"1482506444320","Pavel","Zorge 8 zh","9876543456","pasha@mail.ru","0"
"1482506444352","Pavel","Zorge 9 zh","9876543456","pasha@mail.ru","0"
"1482506444367","Pavel","Zorge 10 zh","9876543456","pasha@mail.ru","0"
"1482506491285","Pavel","Zorge 1 zh","9876543456","pasha@mail.ru","0"
"1482506491332","Pavel","Zorge 2 zh","9876543456","pasha@mail.ru","0"
"1482506491364","Pavel","Zorge 3 zh","9876543456","pasha@mail.ru","0"
"1482506491410","Pavel","Zorge 4 zh","9876543456","pasha@mail.ru","0"
"1482506491426","Pavel","Zorge 5 zh","9876543456","pasha@mail.ru","0"
"1482506491457","Pavel","Zorge 6 zh","9876543456","pasha@mail.ru","0"
"1482506491473","Pavel","Zorge 7 zh","9876543456","pasha@mail.ru","0"
"1482506491489","Pavel","Zorge 8 zh","9876543456","pasha@mail.ru","0"
"1482506491504","Pavel","Zorge 9 zh","9876543456","pasha@mail.ru","0"
"1482506491520","Pavel","Zorge 10 zh","9876543456","pasha@mail.ru","0"
"1482506584148","Pavel","Zorge 1 zh","9876543456","pasha@mail.ru","0"
"1482506584201","Pavel","Zorge 2 zh","9876543456","pasha@mail.ru","0"
"1482506584227","Pavel","Zorge 3 zh","9876543456","pasha@mail.ru","0"
"1482506584249","Pavel","Zorge 4 zh","9876543456","pasha@mail.ru","0"
"1482506584268","Pavel","Zorge 5 zh","9876543456","pasha@mail.ru","0"
"1482506584288","Pavel","Zorge 6 zh","9876543456","pasha@mail.ru","0"
"1482506584308","Pavel","Zorge 7 zh","9876543456","pasha@mail.ru","0"
"1482506584329","Pavel","Zorge 8 zh","9876543456","pasha@mail.ru","0"
"1482506584360","Pavel","Zorge 9 zh","9876543456","pasha@mail.ru","0"
"1482506584381","Pavel","Zorge 10 zh","9876543456","pasha@mail.ru","0"
"1482506665691","Pavel","Zorge 1 zh","9876543456","pasha@mail.ru","0"
"1482506665816","Pavel","Zorge 2 zh","9876543456","pasha@mail.ru","0"
"1482506665863","Pavel","Zorge 3 zh","9876543456","pasha@mail.ru","0"
"1482506665906","Pavel","Zorge 4 zh","9876543456","pasha@mail.ru","0"
"1482506665927","Pavel","Zorge 5 zh","9876543456","pasha@mail.ru","0"
"1482506665952","Pavel","Zorge 6 zh","9876543456","pasha@mail.ru","0"
"1482506665994","Pavel","Zorge 7 zh","9876543456","pasha@mail.ru","0"
"1482506666021","Pavel","Zorge 8 zh","9876543456","pasha@mail.ru","0"
"1482506666052","Pavel","Zorge 9 zh","9876543456","pasha@mail.ru","0"
"1482506666078","Pavel","Zorge 10 zh","9876543456","pasha@mail.ru","0"
"1482506901422","Pavel","Zorge 1 zh","9876543456","pasha@mail.ru","0"
"1482506902019","Pavel","Zorge 2 zh","9876543456","pasha@mail.ru","0"
"1482506902311","Pavel","Zorge 3 zh","9876543456","pasha@mail.ru","0"
"1482506902637","Pavel","Zorge 4 zh","9876543456","pasha@mail.ru","0"
"1482506903129","Pavel","Zorge 5 zh","9876543456","pasha@mail.ru","0"
"1482506903415","Pavel","Zorge 6 zh","9876543456","pasha@mail.ru","0"
"1482506903777","Pavel","Zorge 7 zh","9876543456","pasha@mail.ru","0"
"1482506904083","Pavel","Zorge 8 zh","9876543456","pasha@mail.ru","0"
"1482506904543","Pavel","Zorge 9 zh","9876543456","pasha@mail.ru","0"
"1482506904869","Pavel","Zorge 10 zh","9876543456","pasha@mail.ru","0"
"1482506981940","Pavel","Zorge 1 zh","9876543456","pasha@mail.ru","0"
"1482506982008","Pavel","Zorge 2 zh","9876543456","pasha@mail.ru","0"
"1482506982039","Pavel","Zorge 3 zh","9876543456","pasha@mail.ru","0"
"1482506982055","Pavel","Zorge 4 zh","9876543456","pasha@mail.ru","0"
"1482506982071","Pavel","Zorge 5 zh","9876543456","pasha@mail.ru","0"
"1482506982102","Pavel","Zorge 6 zh","9876543456","pasha@mail.ru","0"
"1482506982118","Pavel","Zorge 7 zh","9876543456","pasha@mail.ru","0"
"1482506982133","Pavel","Zorge 8 zh","9876543456","pasha@mail.ru","0"
"1482506982164","Pavel","Zorge 9 zh","9876543456","pasha@mail.ru","0"
"1482506982196","Pavel","Zorge 10 zh","9876543456","pasha@mail.ru","0"
"1482507054411","Pavel","Zorge 1 zh","9876543456","pasha@mail.ru","0"
"1482507054832","Pavel","Zorge 2 zh","9876543456","pasha@mail.ru","0"
"1482507055280","Pavel","Zorge 3 zh","9876543456","pasha@mail.ru","0"
"1482507055571","Pavel","Zorge 4 zh","9876543456","pasha@mail.ru","0"
"1482507055952","Pavel","Zorge 5 zh","9876543456","pasha@mail.ru","0"
"1482507056332","Pavel","Zorge 6 zh","9876543456","pasha@mail.ru","0"
"1482507056707","Pavel","Zorge 7 zh","9876543456","pasha@mail.ru","0"
"1482507057168","Pavel","Zorge 8 zh","9876543456","pasha@mail.ru","0"
"1482507057520","Pavel","Zorge 9 zh","9876543456","pasha@mail.ru","0"
"1482507057862","Pavel","Zorge 10 zh","9876543456","pasha@mail.ru","0"
